Accuracy,F1 score (0),F1 score (1)
0.9080026899798251,0.776324395029431,0.942092786996275
0.9080026899798251,0.776324395029431,0.942092786996275
0.9080026899798251,0.776324395029431,0.942092786996275
0.8457296570275723,0.6542056074766355,0.9007184281139098
