Accuracy,F1 score (0),F1 score (1),F1,ROC,Precision
0.9028415961305924,0.8626143455586902,0.924846840948417,0.8626143455586902,0.89058879617792,0.8790730092350584
