Accuracy,F1 score (0),F1 score (1)
0.9080026899798251,0.776324395029431,0.942092786996275
0.9080026899798251,0.776324395029431,0.942092786996275
0.9080026899798251,0.776324395029431,0.942092786996275
