Accuracy,F1 score (0),F1 score (1)
0.9130592503022975,0.871721677074041,0.9342478280749885
