Accuracy,F1 score (0),F1 score (1)
0.8359733978234583,0.8932268093982447,0.6463303350280276
