,acc,f1s0,f1s1,loss,val_acc
0,0.9697464108467102,0.955631819383315,0.6752144000336442,0.23929673479690988,0.9220042824745178
1,0.9724379181861877,0.9600627593323048,0.7175358908731397,0.23014837847408817,0.9300533533096313
2,0.9698499441146851,0.9566300200356161,0.6817795938458543,0.22927399595170714,0.9237146973609924
3,0.9712733030319214,0.9607435339165968,0.7311270918426829,0.2231362259253636,0.9315424561500549
4,0.9721618890762329,0.9602528110318217,0.7223977847202223,0.24086413972453824,0.930496096611023
5,0.971575140953064,0.958588267348241,0.7059840281442787,0.2340315196366662,0.9274575710296631
6,0.9739044308662415,0.9604217567461893,0.7234347290779586,0.2457915409888188,0.9307777881622314
7,0.9745773077011108,0.9589971403565053,0.7164506437296222,0.25165643968480444,0.9283630847930908
