Accuracy,F1 score (0),F1 score (1)
0.8767230955259976,0.9085691224608762,0.8108358845904072
