Accuracy,F1 score (0),F1 score (1)
0.8507255139056832,0.8850505144559803,0.7871735195241789
