Accuracy,F1 score (0),F1 score (1)
0.9565568258238063,0.8729846637829335,0.9737973553987183
0.9521183591123067,0.863914373088685,0.970948261792068
0.9550773369199731,0.8699376947040498,0.9728499430986831
