Accuracy,F1 score (0),F1 score (1)
0.8756952841596131,0.8288093255620317,0.9024205030849549
0.8846432889963725,0.8370345063204646,0.9107243121841662
0.8746674727932285,0.8310926423857248,0.9003700677656558
