Accuracy,F1 score (0),F1 score (1)
0.8835550181378476,0.8401394422310757,0.9084252567516166
