Accuracy,F1 score (0),F1 score (1),F1,ROC,Precision
0.8926239419588875,0.8478931140801644,0.9170248551672584,0.9170248551672584,0.879119818696858,0.906856403622251
