Accuracy,F1 score (0),F1 score (1)
0.8793833131801693,0.8336807002917882,0.9053829736779702
