,acc,val_acc,loss,f1s0,f1s1
0,0.9054260015487671,0.9157859742641449,0.25403045415878295,0.8789653536701632,0.9354180468492457
1,0.9072139322757721,0.9152539312839508,0.25643537044525144,0.8792964020152547,0.9346718500531865
2,0.8989427804946899,0.9159794449806213,0.2532301411032677,0.8804099507454051,0.9352283548011009
3,0.9027855515480041,0.9158645749092102,0.2534385442733765,0.8801858740205561,0.9351559828551583
4,0.9099269330501556,0.9151330113410949,0.2543849363923073,0.8782671875600757,0.934845376253006
5,0.9135546267032624,0.9165296196937561,0.25491201430559157,0.8814961186768026,0.9355659373861075
6,0.9063018262386322,0.9157134234905243,0.25584658682346345,0.8797414893190508,0.9351029191457869
7,0.9087323725223542,0.9172430455684661,0.25158366858959197,0.8819224996636086,0.9362924912661816
