,acc,val_acc,loss,f1s0,f1s1
0,0.8940764844417572,0.9151450991630554,0.2542611911892891,0.8785440654936423,0.9347667256695165
1,0.9052705228328705,0.9153446137905121,0.2526778981089592,0.8787909047080541,0.9349490618202415
2,0.8787494838237763,0.8891535758972168,0.28862707912921903,0.8036348154332407,0.9197223869160107
3,0.8920968115329743,0.911983072757721,0.25779765993356707,0.8730594510690391,0.9326189507018319
4,0.9070610463619232,0.9167472779750824,0.25195072442293165,0.881845220695784,0.9357197449506321
5,0.9074315905570984,0.9162817358970642,0.2514263316988945,0.8799823428736844,0.9357129463015111
6,0.8961831510066987,0.9142684400081634,0.2551020845770836,0.8768355223415618,0.9342272566310855
7,0.899549126625061,0.9154050886631012,0.25247621536254883,0.8789047047791485,0.9349821229281939
