,acc,f1s0,f1s1,loss,val_acc
0,0.9365633130073547,0.836504761509057,0.9686715608944004,0.1354389267276519,0.9474377632141113
1,0.9397047758102417,0.8373607575459225,0.9682364117018191,0.136032889485259,0.946872889995575
2,0.9325339198112488,0.8380019149660507,0.9684217828887324,0.13905337385848293,0.9471553564071655
3,0.9353642463684082,0.8366636532817141,0.9686769462776403,0.13508369330073774,0.9474512934684753
4,0.9408634901046753,0.8354268533247818,0.9676765734869551,0.13777067883224517,0.9459986686706543
5,0.941641628742218,0.836494501672014,0.9672907540812504,0.1377397160608855,0.9455278515815735
6,0.9371743202209473,0.8385972087619875,0.9683953346615917,0.13455807853868407,0.9471553564071655
7,0.9401084184646606,0.8390989226026428,0.9686616924593915,0.13494887695282637,0.9475588798522949
