,acc,f1s0,f1s1,loss,val_acc
0,0.9352893829345703,0.8355874884192719,0.9669047170537555,0.1376007245664398,0.9449360966682434
1,0.9376989603042603,0.8338024283370542,0.9679083967158372,0.13557074166679028,0.9462273716926575
2,0.9304588437080383,0.8384589301580198,0.9686290685202007,0.13491520512831556,0.9474647641181946
3,0.9310237169265747,0.835828182277323,0.9669982036846333,0.13686721523435788,0.9450706243515015
4,0.9378372430801392,0.8342726834482855,0.9688011026664359,0.13536781341228293,0.9474915266036987
5,0.9391399621963501,0.83500037608806,0.9656344365614105,0.1406859703948214,0.9431607127189636
6,0.9325109720230103,0.8345710325263577,0.9655107978067328,0.14132449263913488,0.9429454803466797
7,0.9346553087234497,0.8373538347257856,0.9666132616119768,0.13704867586192865,0.9446133375167847
