Accuracy,F1 score (0),F1 score (1)
0.9455279085406859,0.8399841959699723,0.9671772428884027
0.9482178883658372,0.8391140827413289,0.9691432235312976
0.9486213853396099,0.8420181968569065,0.9693221972373915
0.9441829186281103,0.8179025888547609,0.9670399491700421
0.9456624075319435,0.8411949685534591,0.9672237546649359
0.9475453934095495,0.8442492012779552,0.9684619116933527
0.9482178883658372,0.8420188756668034,0.9690340223598488
