Accuracy,F1 score (0),F1 score (1),F1,ROC,Precision
0.9178355501813785,0.884487887802805,0.9362420830401126,0.9362420830401126,0.9081007834784269,0.9296562005031213
