Accuracy,F1 score (0),F1 score (1)
0.9110036275695285,0.8733000516440007,0.931413661354953
