Accuracy,F1 score (0),F1 score (1)
0.9186215235792019,0.8845229924502402,0.9371732636295743
0.9090084643288996,0.8732204532052902,0.9290395586779198
