Accuracy,F1 score (0),F1 score (1)
0.9152962515114873,0.8786277397556961,0.9349491572642429
0.914752116082225,0.8814727639542703,0.933440332326284
