Accuracy,F1 score (0),F1 score (1)
0.9178960096735187,0.8829108466977065,0.9367842845172702
