Accuracy,F1 score (0),F1 score (1)
0.8971584038694075,0.8573106283029948,0.9196086771586559
