Accuracy,F1 score (0),F1 score (1),F1,ROC,Precision
0.9162031438935913,0.882262996941896,0.9349540078843627,0.9349540078843627,0.9064583248873279,0.9286779787432408
