Accuracy,F1 score (0),F1 score (1)
0.8246674727932285,0.8618521341463414,0.7600926538716082
