Accuracy,F1 score (0),F1 score (1)
0.9577673167451244,0.8756927949326999,0.9745625405055087
0.954808338937458,0.8672985781990521,0.9727670611120117
0.9574983187626093,0.8742038216560509,0.974429519339699
