Accuracy,F1 score (0),F1 score (1)
0.9071342200725514,0.8680412371134021,0.9283582089552239
