Accuracy,F1 score (0),F1 score (1)
0.8971584038694075,0.8573106283029948,0.9196086771586559
0.8980048367593713,0.8564621798689697,0.920898391710039
0.9030229746070133,0.8653006382264025,0.9242395616852447
0.9025997581620314,0.8614431925690204,0.9249056076073277
0.8957073760580411,0.8529035558966488,0.9192150985809956
0.8957073760580411,0.8529035558966488,0.9192150985809956
0.9007859733978234,0.865524870933377,0.9213967524069551
